<?xml version="1.0" encoding="UTF-8"?>
<project-private xmlns="http://www.netbeans.org/ns/project-private/1">
    <editor-bookmarks xmlns="http://www.netbeans.org/ns/editor-bookmarks/2" lastBookmarkId="0"/>
    <open-files xmlns="http://www.netbeans.org/ns/projectui-open-files/2">
        <group>
            <file>file:/C:/Users/Colt/Documents/NetBeansProjects/RootedReminders2.0/src/main/PForm.java</file>
            <file>file:/C:/Users/Colt/Documents/NetBeansProjects/RootedReminders2.0/src/main/Quiz.java</file>
            <file>file:/C:/Users/Colt/Documents/NetBeansProjects/RootedReminders2.0/src/main/Tester.java</file>
            <file>file:/C:/Users/Colt/Documents/NetBeansProjects/RootedReminders2.0/src/main/PlantTest.java</file>
            <file>file:/C:/Users/Colt/Documents/NetBeansProjects/RootedReminders2.0/src/main/AddPlant.java</file>
            <file>file:/C:/Users/Colt/Documents/NetBeansProjects/RootedReminders2.0/src/main/RemovePlant.java</file>
        </group>
    </open-files>
</project-private>
